{
  "v": "4.6.6",
  "fr": 24,
  "ip": 0,
  "op": 58,
  "w": 600,
  "h": 600,
  "nm": "search A",
  "ddd": 0,
  "assets": [],
  "layers": [
    {
      "ddd": 0,
      "ind": 1,
      "ty": 3,
      "nm": "Null 4",
      "ks": {
        "o": {
          "a": 0,
          "k": 0
        },
        "r": {
          "a": 1,
          "k": [
            {
              "i": {
                "x": [
                  0.859
                ],
                "y": [
                  1
                ]
              },
              "o": {
                "x": [
                  0.701
                ],
                "y": [
                  0
                ]
              },
              "n": [
                "0p859_1_0p701_0"
              ],
              "t": 28,
              "s": [
                0
              ],
              "e": [
                -8
              ]
            },
            {
              "t": 34
            }
          ]
        },
        "p": {
          "a": 1,
          "k": [
            {
              "i": {
                "x": 0.859,
                "y": 1
              },
              "o": {
                "x": 0.701,
                "y": 0
              },
              "n": "0p859_1_0p701_0",
              "t": 28,
              "s": [
                426.75,
                427.64,
                0
              ],
              "e": [
                414.75,
                379.64,
                0
              ],
              "to": [
                -2,
                -8,
                0
              ],
              "ti": [
                2,
                8,
                0
              ]
            },
            {
              "t": 34
            }
          ]
        },
        "a": {
          "a": 0,
          "k": [
            0,
            0,
            0
          ]
        },
        "s": {
          "a": 1,
          "k": [
            {
              "i": {
                "x": [
                  0.96,
                  0.96,
                  0.667
                ],
                "y": [
                  0.821,
                  0.821,
                  0.667
                ]
              },
              "o": {
                "x": [
                  0.676,
                  0.676,
                  0.333
                ],
                "y": [
                  0,
                  0,
                  0.333
                ]
              },
              "n": [
                "0p96_0p821_0p676_0",
                "0p96_0p821_0p676_0",
                "0p667_0p667_0p333_0p333"
              ],
              "t": 28,
              "s": [
                100,
                100,
                100
              ],
              "e": [
                0,
                0,
                100
              ]
            },
            {
              "t": 34
            }
          ]
        }
      },
      "ao": 0,
      "ip": 0,
      "op": 58,
      "st": 0,
      "bm": 0,
      "sr": 1
    },
    {
      "ddd": 0,
      "ind": 2,
      "ty": 4,
      "nm": "Question",
      "parent": 1,
      "ks": {
        "o": {
          "a": 0,
          "k": 100
        },
        "r": {
          "a": 0,
          "k": 0
        },
        "p": {
          "a": 0,
          "k": [
            0,
            69.92,
            0
          ]
        },
        "a": {
          "a": 0,
          "k": [
            -3.25,
            -49,
            0
          ]
        },
        "s": {
          "a": 1,
          "k": [
            {
              "i": {
                "x": [
                  0.424,
                  0.424,
                  0.667
                ],
                "y": [
                  1,
                  1,
                  0.667
                ]
              },
              "o": {
                "x": [
                  0,
                  0,
                  0.333
                ],
                "y": [
                  0,
                  0,
                  0.333
                ]
              },
              "n": [
                "0p424_1_0_0",
                "0p424_1_0_0",
                "0p667_0p667_0p333_0p333"
              ],
              "t": 9,
              "s": [
                0,
                0,
                100
              ],
              "e": [
                87,
                87,
                100
              ]
            },
            {
              "i": {
                "x": [
                  0.497,
                  0.497,
                  0.833
                ],
                "y": [
                  1,
                  1,
                  0.833
                ]
              },
              "o": {
                "x": [
                  0.167,
                  0.167,
                  0.167
                ],
                "y": [
                  0,
                  0,
                  0.167
                ]
              },
              "n": [
                "0p497_1_0p167_0",
                "0p497_1_0p167_0",
                "0p833_0p833_0p167_0p167"
              ],
              "t": 17,
              "s": [
                87,
                87,
                100
              ],
              "e": [
                76,
                76,
                100
              ]
            },
            {
              "t": 28
            }
          ]
        }
      },
      "ao": 0,
      "shapes": [
        {
          "ty": "gr",
          "it": [
            {
              "d": 1,
              "ty": "el",
              "s": {
                "a": 1,
                "k": [
                  {
                    "i": {
                      "x": [
                        0.424,
                        0.424
                      ],
                      "y": [
                        1,
                        1
                      ]
                    },
                    "o": {
                      "x": [
                        0,
                        0
                      ],
                      "y": [
                        0,
                        0
                      ]
                    },
                    "n": [
                      "0p424_1_0_0",
                      "0p424_1_0_0"
                    ],
                    "t": 9,
                    "s": [
                      0,
                      0
                    ],
                    "e": [
                      32,
                      32
                    ]
                  },
                  {
                    "i": {
                      "x": [
                        0.833,
                        0.833
                      ],
                      "y": [
                        0.833,
                        0.833
                      ]
                    },
                    "o": {
                      "x": [
                        0.167,
                        0.167
                      ],
                      "y": [
                        0.167,
                        0.167
                      ]
                    },
                    "n": [
                      "0p833_0p833_0p167_0p167",
                      "0p833_0p833_0p167_0p167"
                    ],
                    "t": 17,
                    "s": [
                      32,
                      32
                    ],
                    "e": [
                      32,
                      32
                    ]
                  },
                  {
                    "i": {
                      "x": [
                        0.984,
                        0.984
                      ],
                      "y": [
                        1,
                        1
                      ]
                    },
                    "o": {
                      "x": [
                        0.826,
                        0.826
                      ],
                      "y": [
                        0,
                        0
                      ]
                    },
                    "n": [
                      "0p984_1_0p826_0",
                      "0p984_1_0p826_0"
                    ],
                    "t": 28,
                    "s": [
                      32,
                      32
                    ],
                    "e": [
                      0,
                      0
                    ]
                  },
                  {
                    "t": 34
                  }
                ]
              },
              "p": {
                "a": 0,
                "k": [
                  0,
                  0
                ]
              },
              "nm": "Ellipse Path 1",
              "mn": "ADBE Vector Shape - Ellipse"
            },
            {
              "ty": "fl",
              "c": {
                "a": 0,
                "k": [
                  0.2666667,
                  0.3215686,
                  0.3921569,
                  1
                ]
              },
              "o": {
                "a": 0,
                "k": 100
              },
              "r": 1,
              "nm": "Fill 1",
              "mn": "ADBE Vector Graphic - Fill"
            },
            {
              "ty": "tr",
              "p": {
                "a": 0,
                "k": [
                  0,
                  -65
                ],
                "ix": 2
              },
              "a": {
                "a": 0,
                "k": [
                  0,
                  0
                ],
                "ix": 1
              },
              "s": {
                "a": 0,
                "k": [
                  100,
                  100
                ],
                "ix": 3
              },
              "r": {
                "a": 0,
                "k": 0,
                "ix": 6
              },
              "o": {
                "a": 0,
                "k": 100,
                "ix": 7
              },
              "sk": {
                "a": 0,
                "k": 0,
                "ix": 4
              },
              "sa": {
                "a": 0,
                "k": 0,
                "ix": 5
              },
              "nm": "Transform"
            }
          ],
          "nm": "Group 1",
          "np": 2,
          "cix": 2,
          "ix": 1,
          "mn": "ADBE Vector Group"
        },
        {
          "ty": "gr",
          "it": [
            {
              "ind": 0,
              "ty": "sh",
              "ix": 1,
              "ks": {
                "a": 0,
                "k": {
                  "i": [
                    [
                      0,
                      34.785
                    ],
                    [
                      -20,
                      0
                    ],
                    [
                      0,
                      -21
                    ],
                    [
                      0,
                      -26.5
                    ],
                    [
                      0,
                      -13.5
                    ]
                  ],
                  "o": [
                    [
                      0,
                      -36.5
                    ],
                    [
                      29,
                      0
                    ],
                    [
                      0,
                      45
                    ],
                    [
                      0,
                      13
                    ],
                    [
                      0,
                      7.071
                    ]
                  ],
                  "v": [
                    [
                      -48,
                      -188.5
                    ],
                    [
                      -2.5,
                      -233
                    ],
                    [
                      41.5,
                      -193
                    ],
                    [
                      -0.5,
                      -130.5
                    ],
                    [
                      -1,
                      -105
                    ]
                  ],
                  "c": false
                }
              },
              "nm": "Path 1",
              "mn": "ADBE Vector Shape - Group"
            },
            {
              "ty": "st",
              "c": {
                "a": 0,
                "k": [
                  0.2675894,
                  0.3232784,
                  0.3921569,
                  1
                ]
              },
              "o": {
                "a": 0,
                "k": 100
              },
              "w": {
                "a": 1,
                "k": [
                  {
                    "i": {
                      "x": [
                        0.424
                      ],
                      "y": [
                        1
                      ]
                    },
                    "o": {
                      "x": [
                        0
                      ],
                      "y": [
                        0
                      ]
                    },
                    "n": [
                      "0p424_1_0_0"
                    ],
                    "t": 9,
                    "s": [
                      0
                    ],
                    "e": [
                      35
                    ]
                  },
                  {
                    "i": {
                      "x": [
                        0.833
                      ],
                      "y": [
                        0.833
                      ]
                    },
                    "o": {
                      "x": [
                        0.167
                      ],
                      "y": [
                        0.167
                      ]
                    },
                    "n": [
                      "0p833_0p833_0p167_0p167"
                    ],
                    "t": 17,
                    "s": [
                      35
                    ],
                    "e": [
                      35
                    ]
                  },
                  {
                    "i": {
                      "x": [
                        0.984
                      ],
                      "y": [
                        1
                      ]
                    },
                    "o": {
                      "x": [
                        0.826
                      ],
                      "y": [
                        0
                      ]
                    },
                    "n": [
                      "0p984_1_0p826_0"
                    ],
                    "t": 28,
                    "s": [
                      35
                    ],
                    "e": [
                      0
                    ]
                  },
                  {
                    "t": 34
                  }
                ]
              },
              "lc": 2,
              "lj": 1,
              "ml": 4,
              "nm": "Stroke 1",
              "mn": "ADBE Vector Graphic - Stroke"
            },
            {
              "ty": "tr",
              "p": {
                "a": 0,
                "k": [
                  0,
                  0
                ],
                "ix": 2
              },
              "a": {
                "a": 0,
                "k": [
                  0,
                  0
                ],
                "ix": 1
              },
              "s": {
                "a": 0,
                "k": [
                  100,
                  100
                ],
                "ix": 3
              },
              "r": {
                "a": 0,
                "k": 0,
                "ix": 6
              },
              "o": {
                "a": 0,
                "k": 100,
                "ix": 7
              },
              "sk": {
                "a": 0,
                "k": 0,
                "ix": 4
              },
              "sa": {
                "a": 0,
                "k": 0,
                "ix": 5
              },
              "nm": "Transform"
            }
          ],
          "nm": "Shape 1",
          "np": 2,
          "cix": 2,
          "ix": 2,
          "mn": "ADBE Vector Group"
        }
      ],
      "ip": 0,
      "op": 58,
      "st": 0,
      "bm": 0,
      "sr": 1
    },
    {
      "ddd": 0,
      "ind": 3,
      "ty": 3,
      "nm": "Null 3",
      "ks": {
        "o": {
          "a": 0,
          "k": 0
        },
        "r": {
          "a": 1,
          "k": [
            {
              "i": {
                "x": [
                  0.952
                ],
                "y": [
                  0.799
                ]
              },
              "o": {
                "x": [
                  0.615
                ],
                "y": [
                  0
                ]
              },
              "n": [
                "0p952_0p799_0p615_0"
              ],
              "t": 0,
              "s": [
                -52
              ],
              "e": [
                -43
              ]
            },
            {
              "i": {
                "x": [
                  0.623
                ],
                "y": [
                  0.623
                ]
              },
              "o": {
                "x": [
                  0.159
                ],
                "y": [
                  0.159
                ]
              },
              "n": [
                "0p623_0p623_0p159_0p159"
              ],
              "t": 5,
              "s": [
                -43
              ],
              "e": [
                -43
              ]
            },
            {
              "i": {
                "x": [
                  0.961
                ],
                "y": [
                  1
                ]
              },
              "o": {
                "x": [
                  0.793
                ],
                "y": [
                  0
                ]
              },
              "n": [
                "0p961_1_0p793_0"
              ],
              "t": 28,
              "s": [
                -43
              ],
              "e": [
                -38
              ]
            },
            {
              "i": {
                "x": [
                  0.558
                ],
                "y": [
                  1
                ]
              },
              "o": {
                "x": [
                  0.021
                ],
                "y": [
                  0
                ]
              },
              "n": [
                "0p558_1_0p021_0"
              ],
              "t": 39,
              "s": [
                -38
              ],
              "e": [
                -58
              ]
            },
            {
              "i": {
                "x": [
                  0.558
                ],
                "y": [
                  1
                ]
              },
              "o": {
                "x": [
                  0.359
                ],
                "y": [
                  0
                ]
              },
              "n": [
                "0p558_1_0p359_0"
              ],
              "t": 48,
              "s": [
                -58
              ],
              "e": [
                -52
              ]
            },
            {
              "t": 58
            }
          ]
        },
        "p": {
          "a": 0,
          "k": [
            535,
            534.75,
            0
          ]
        },
        "a": {
          "a": 0,
          "k": [
            0,
            0,
            0
          ]
        },
        "s": {
          "a": 0,
          "k": [
            100,
            100,
            100
          ]
        }
      },
      "ao": 0,
      "ip": 0,
      "op": 58,
      "st": 0,
      "bm": 0,
      "sr": 1
    },
    {
      "ddd": 0,
      "ind": 4,
      "ty": 4,
      "nm": "Magnifying Glass",
      "parent": 3,
      "ks": {
        "o": {
          "a": 0,
          "k": 100
        },
        "r": {
          "a": 1,
          "k": [
            {
              "i": {
                "x": [
                  0.26
                ],
                "y": [
                  1
                ]
              },
              "o": {
                "x": [
                  0.589
                ],
                "y": [
                  0
                ]
              },
              "n": [
                "0p26_1_0p589_0"
              ],
              "t": 0,
              "s": [
                90
              ],
              "e": [
                280.36
              ]
            },
            {
              "i": {
                "x": [
                  0.244
                ],
                "y": [
                  1
                ]
              },
              "o": {
                "x": [
                  0.287
                ],
                "y": [
                  0
                ]
              },
              "n": [
                "0p244_1_0p287_0"
              ],
              "t": 14,
              "s": [
                280.36
              ],
              "e": [
                273
              ]
            },
            {
              "i": {
                "x": [
                  0.364
                ],
                "y": [
                  1
                ]
              },
              "o": {
                "x": [
                  0.621
                ],
                "y": [
                  0
                ]
              },
              "n": [
                "0p364_1_0p621_0"
              ],
              "t": 28,
              "s": [
                273
              ],
              "e": [
                90
              ]
            },
            {
              "t": 46
            }
          ]
        },
        "p": {
          "s": true,
          "x": {
            "a": 1,
            "k": [
              {
                "i": {
                  "x": [
                    0.812
                  ],
                  "y": [
                    0.982
                  ]
                },
                "o": {
                  "x": [
                    0.564
                  ],
                  "y": [
                    0
                  ]
                },
                "n": [
                  "0p812_0p982_0p564_0"
                ],
                "t": 0,
                "s": [
                  0.5
                ],
                "e": [
                  78.103
                ]
              },
              {
                "i": {
                  "x": [
                    0.353
                  ],
                  "y": [
                    1
                  ]
                },
                "o": {
                  "x": [
                    0.228
                  ],
                  "y": [
                    -0.025
                  ]
                },
                "n": [
                  "0p353_1_0p228_-0p025"
                ],
                "t": 6,
                "s": [
                  78.103
                ],
                "e": [
                  -1.5
                ]
              },
              {
                "i": {
                  "x": [
                    0.624
                  ],
                  "y": [
                    1
                  ]
                },
                "o": {
                  "x": [
                    0.284
                  ],
                  "y": [
                    0
                  ]
                },
                "n": [
                  "0p624_1_0p284_0"
                ],
                "t": 13,
                "s": [
                  -1.5
                ],
                "e": [
                  7.5
                ]
              },
              {
                "i": {
                  "x": [
                    0.833
                  ],
                  "y": [
                    0.833
                  ]
                },
                "o": {
                  "x": [
                    0.167
                  ],
                  "y": [
                    0.167
                  ]
                },
                "n": [
                  "0p833_0p833_0p167_0p167"
                ],
                "t": 21,
                "s": [
                  7.5
                ],
                "e": [
                  7.5
                ]
              },
              {
                "i": {
                  "x": [
                    0.799
                  ],
                  "y": [
                    1.029
                  ]
                },
                "o": {
                  "x": [
                    0.756
                  ],
                  "y": [
                    0
                  ]
                },
                "n": [
                  "0p799_1p029_0p756_0"
                ],
                "t": 28,
                "s": [
                  7.5
                ],
                "e": [
                  77.849
                ]
              },
              {
                "i": {
                  "x": [
                    0.4
                  ],
                  "y": [
                    1
                  ]
                },
                "o": {
                  "x": [
                    0.16
                  ],
                  "y": [
                    0.017
                  ]
                },
                "n": [
                  "0p4_1_0p16_0p017"
                ],
                "t": 38,
                "s": [
                  77.849
                ],
                "e": [
                  0.5
                ]
              },
              {
                "t": 46
              }
            ]
          },
          "y": {
            "a": 1,
            "k": [
              {
                "i": {
                  "x": [
                    0.777
                  ],
                  "y": [
                    0.247
                  ]
                },
                "o": {
                  "x": [
                    0.509
                  ],
                  "y": [
                    0
                  ]
                },
                "n": [
                  "0p777_0p247_0p509_0"
                ],
                "t": 0,
                "s": [
                  -325.75
                ],
                "e": [
                  -283.725
                ]
              },
              {
                "i": {
                  "x": [
                    0.451
                  ],
                  "y": [
                    1
                  ]
                },
                "o": {
                  "x": [
                    0.262
                  ],
                  "y": [
                    0.35
                  ]
                },
                "n": [
                  "0p451_1_0p262_0p35"
                ],
                "t": 6,
                "s": [
                  -283.725
                ],
                "e": [
                  -159.75
                ]
              },
              {
                "i": {
                  "x": [
                    0.606
                  ],
                  "y": [
                    1
                  ]
                },
                "o": {
                  "x": [
                    0.308
                  ],
                  "y": [
                    0
                  ]
                },
                "n": [
                  "0p606_1_0p308_0"
                ],
                "t": 13,
                "s": [
                  -159.75
                ],
                "e": [
                  -171.75
                ]
              },
              {
                "i": {
                  "x": [
                    0.833
                  ],
                  "y": [
                    0.833
                  ]
                },
                "o": {
                  "x": [
                    0.167
                  ],
                  "y": [
                    0.167
                  ]
                },
                "n": [
                  "0p833_0p833_0p167_0p167"
                ],
                "t": 21,
                "s": [
                  -171.75
                ],
                "e": [
                  -171.75
                ]
              },
              {
                "i": {
                  "x": [
                    0.799
                  ],
                  "y": [
                    0.622
                  ]
                },
                "o": {
                  "x": [
                    0.756
                  ],
                  "y": [
                    0
                  ]
                },
                "n": [
                  "0p799_0p622_0p756_0"
                ],
                "t": 28,
                "s": [
                  -171.75
                ],
                "e": [
                  -290.075
                ]
              },
              {
                "i": {
                  "x": [
                    0.4
                  ],
                  "y": [
                    1
                  ]
                },
                "o": {
                  "x": [
                    0.16
                  ],
                  "y": [
                    0.797
                  ]
                },
                "n": [
                  "0p4_1_0p16_0p797"
                ],
                "t": 38,
                "s": [
                  -290.075
                ],
                "e": [
                  -325.75
                ]
              },
              {
                "t": 46
              }
            ]
          }
        },
        "a": {
          "a": 0,
          "k": [
            -124.5,
            0,
            0
          ]
        },
        "s": {
          "a": 1,
          "k": [
            {
              "i": {
                "x": [
                  0.096,
                  0.096,
                  0.667
                ],
                "y": [
                  1,
                  1,
                  0.667
                ]
              },
              "o": {
                "x": [
                  0.444,
                  0.444,
                  0.333
                ],
                "y": [
                  0,
                  0,
                  0.333
                ]
              },
              "n": [
                "0p096_1_0p444_0",
                "0p096_1_0p444_0",
                "0p667_0p667_0p333_0p333"
              ],
              "t": 0,
              "s": [
                100,
                100,
                100
              ],
              "e": [
                134,
                134,
                100
              ]
            },
            {
              "i": {
                "x": [
                  0.833,
                  0.833,
                  0.833
                ],
                "y": [
                  0.833,
                  0.833,
                  0.833
                ]
              },
              "o": {
                "x": [
                  0.167,
                  0.167,
                  0.167
                ],
                "y": [
                  0.167,
                  0.167,
                  0.167
                ]
              },
              "n": [
                "0p833_0p833_0p167_0p167",
                "0p833_0p833_0p167_0p167",
                "0p833_0p833_0p167_0p167"
              ],
              "t": 21,
              "s": [
                134,
                134,
                100
              ],
              "e": [
                134,
                134,
                100
              ]
            },
            {
              "i": {
                "x": [
                  0.833,
                  0.833,
                  0.833
                ],
                "y": [
                  1,
                  1,
                  0.833
                ]
              },
              "o": {
                "x": [
                  0.167,
                  0.167,
                  0.167
                ],
                "y": [
                  0,
                  0,
                  0.167
                ]
              },
              "n": [
                "0p833_1_0p167_0",
                "0p833_1_0p167_0",
                "0p833_0p833_0p167_0p167"
              ],
              "t": 28,
              "s": [
                134,
                134,
                100
              ],
              "e": [
                100,
                100,
                100
              ]
            },
            {
              "t": 46
            }
          ]
        }
      },
      "ao": 0,
      "ef": [
        {
          "ty": 5,
          "nm": "keyframe overshoot",
          "mn": "keyframe overshoot",
          "ix": 1,
          "en": 1,
          "ef": [
            {
              "ty": 0,
              "nm": "Frequency",
              "mn": "keyframe overshoot-0001",
              "ix": 1,
              "v": {
                "a": 0,
                "k": 1
              }
            },
            {
              "ty": 0,
              "nm": "Decay",
              "mn": "keyframe overshoot-0002",
              "ix": 2,
              "v": {
                "a": 0,
                "k": 9
              }
            }
          ]
        }
      ],
      "shapes": [
        {
          "ty": "gr",
          "it": [
            {
              "d": 1,
              "ty": "el",
              "s": {
                "a": 0,
                "k": [
                  198,
                  198
                ]
              },
              "p": {
                "a": 0,
                "k": [
                  -122,
                  0
                ]
              },
              "nm": "Ellipse Path 1",
              "mn": "ADBE Vector Shape - Ellipse"
            },
            {
              "ty": "st",
              "c": {
                "a": 0,
                "k": [
                  0.2675894,
                  0.3232784,
                  0.3921569,
                  1
                ]
              },
              "o": {
                "a": 0,
                "k": 100
              },
              "w": {
                "a": 0,
                "k": 30
              },
              "lc": 1,
              "lj": 1,
              "ml": 4,
              "nm": "Stroke 1",
              "mn": "ADBE Vector Graphic - Stroke"
            },
            {
              "ty": "tr",
              "p": {
                "a": 0,
                "k": [
                  0,
                  0
                ],
                "ix": 2
              },
              "a": {
                "a": 0,
                "k": [
                  0,
                  0
                ],
                "ix": 1
              },
              "s": {
                "a": 0,
                "k": [
                  100,
                  100
                ],
                "ix": 3
              },
              "r": {
                "a": 0,
                "k": 0,
                "ix": 6
              },
              "o": {
                "a": 0,
                "k": 100,
                "ix": 7
              },
              "sk": {
                "a": 0,
                "k": 0,
                "ix": 4
              },
              "sa": {
                "a": 0,
                "k": 0,
                "ix": 5
              },
              "nm": "Transform"
            }
          ],
          "nm": "Glass",
          "np": 2,
          "cix": 2,
          "ix": 1,
          "mn": "ADBE Vector Group"
        },
        {
          "ty": "gr",
          "it": [
            {
              "ind": 0,
              "ty": "sh",
              "ix": 1,
              "ks": {
                "a": 0,
                "k": {
                  "i": [
                    [
                      0,
                      0
                    ],
                    [
                      0,
                      0
                    ]
                  ],
                  "o": [
                    [
                      0,
                      0
                    ],
                    [
                      0,
                      0
                    ]
                  ],
                  "v": [
                    [
                      -12.212,
                      -0.113
                    ],
                    [
                      199,
                      0.5
                    ]
                  ],
                  "c": false
                }
              },
              "nm": "Path 1",
              "mn": "ADBE Vector Shape - Group"
            },
            {
              "ty": "tm",
              "s": {
                "a": 1,
                "k": [
                  {
                    "i": {
                      "x": [
                        0.667
                      ],
                      "y": [
                        1
                      ]
                    },
                    "o": {
                      "x": [
                        0.703
                      ],
                      "y": [
                        0
                      ]
                    },
                    "n": [
                      "0p667_1_0p703_0"
                    ],
                    "t": 0,
                    "s": [
                      37
                    ],
                    "e": [
                      17
                    ]
                  },
                  {
                    "i": {
                      "x": [
                        0
                      ],
                      "y": [
                        1
                      ]
                    },
                    "o": {
                      "x": [
                        0.199
                      ],
                      "y": [
                        0
                      ]
                    },
                    "n": [
                      "0_1_0p199_0"
                    ],
                    "t": 5,
                    "s": [
                      17
                    ],
                    "e": [
                      37
                    ]
                  },
                  {
                    "i": {
                      "x": [
                        0
                      ],
                      "y": [
                        0
                      ]
                    },
                    "o": {
                      "x": [
                        0.167
                      ],
                      "y": [
                        0.167
                      ]
                    },
                    "n": [
                      "0_0_0p167_0p167"
                    ],
                    "t": 17,
                    "s": [
                      37
                    ],
                    "e": [
                      37
                    ]
                  },
                  {
                    "i": {
                      "x": [
                        0.942
                      ],
                      "y": [
                        1
                      ]
                    },
                    "o": {
                      "x": [
                        0.826
                      ],
                      "y": [
                        0
                      ]
                    },
                    "n": [
                      "0p942_1_0p826_0"
                    ],
                    "t": 28,
                    "s": [
                      37
                    ],
                    "e": [
                      17
                    ]
                  },
                  {
                    "i": {
                      "x": [
                        0.308
                      ],
                      "y": [
                        1
                      ]
                    },
                    "o": {
                      "x": [
                        0.101
                      ],
                      "y": [
                        0
                      ]
                    },
                    "n": [
                      "0p308_1_0p101_0"
                    ],
                    "t": 39,
                    "s": [
                      17
                    ],
                    "e": [
                      37
                    ]
                  },
                  {
                    "t": 46
                  }
                ],
                "ix": 1
              },
              "e": {
                "a": 1,
                "k": [
                  {
                    "i": {
                      "x": [
                        0.667
                      ],
                      "y": [
                        1
                      ]
                    },
                    "o": {
                      "x": [
                        0.703
                      ],
                      "y": [
                        0
                      ]
                    },
                    "n": [
                      "0p667_1_0p703_0"
                    ],
                    "t": 0,
                    "s": [
                      100
                    ],
                    "e": [
                      43
                    ]
                  },
                  {
                    "i": {
                      "x": [
                        0
                      ],
                      "y": [
                        1
                      ]
                    },
                    "o": {
                      "x": [
                        0.199
                      ],
                      "y": [
                        0
                      ]
                    },
                    "n": [
                      "0_1_0p199_0"
                    ],
                    "t": 5,
                    "s": [
                      43
                    ],
                    "e": [
                      100
                    ]
                  },
                  {
                    "i": {
                      "x": [
                        0
                      ],
                      "y": [
                        0
                      ]
                    },
                    "o": {
                      "x": [
                        0.167
                      ],
                      "y": [
                        0.167
                      ]
                    },
                    "n": [
                      "0_0_0p167_0p167"
                    ],
                    "t": 17,
                    "s": [
                      100
                    ],
                    "e": [
                      100
                    ]
                  },
                  {
                    "i": {
                      "x": [
                        0.942
                      ],
                      "y": [
                        1
                      ]
                    },
                    "o": {
                      "x": [
                        0.826
                      ],
                      "y": [
                        0
                      ]
                    },
                    "n": [
                      "0p942_1_0p826_0"
                    ],
                    "t": 28,
                    "s": [
                      100
                    ],
                    "e": [
                      43
                    ]
                  },
                  {
                    "i": {
                      "x": [
                        0.308
                      ],
                      "y": [
                        1
                      ]
                    },
                    "o": {
                      "x": [
                        0.101
                      ],
                      "y": [
                        0
                      ]
                    },
                    "n": [
                      "0p308_1_0p101_0"
                    ],
                    "t": 39,
                    "s": [
                      43
                    ],
                    "e": [
                      100
                    ]
                  },
                  {
                    "t": 46
                  }
                ],
                "ix": 2
              },
              "o": {
                "a": 0,
                "k": 0,
                "ix": 3
              },
              "m": 1,
              "ix": 2,
              "nm": "Trim Paths 1",
              "mn": "ADBE Vector Filter - Trim"
            },
            {
              "ty": "st",
              "c": {
                "a": 0,
                "k": [
                  0.2666667,
                  0.3215686,
                  0.3921569,
                  1
                ]
              },
              "o": {
                "a": 0,
                "k": 100
              },
              "w": {
                "a": 1,
                "k": [
                  {
                    "i": {
                      "x": [
                        0.667
                      ],
                      "y": [
                        1
                      ]
                    },
                    "o": {
                      "x": [
                        0.703
                      ],
                      "y": [
                        0
                      ]
                    },
                    "n": [
                      "0p667_1_0p703_0"
                    ],
                    "t": 0,
                    "s": [
                      62
                    ],
                    "e": [
                      32
                    ]
                  },
                  {
                    "i": {
                      "x": [
                        0
                      ],
                      "y": [
                        1
                      ]
                    },
                    "o": {
                      "x": [
                        0.199
                      ],
                      "y": [
                        0
                      ]
                    },
                    "n": [
                      "0_1_0p199_0"
                    ],
                    "t": 5,
                    "s": [
                      32
                    ],
                    "e": [
                      62
                    ]
                  },
                  {
                    "i": {
                      "x": [
                        0
                      ],
                      "y": [
                        0
                      ]
                    },
                    "o": {
                      "x": [
                        0.167
                      ],
                      "y": [
                        0.167
                      ]
                    },
                    "n": [
                      "0_0_0p167_0p167"
                    ],
                    "t": 17,
                    "s": [
                      62
                    ],
                    "e": [
                      62
                    ]
                  },
                  {
                    "i": {
                      "x": [
                        0.942
                      ],
                      "y": [
                        1
                      ]
                    },
                    "o": {
                      "x": [
                        0.826
                      ],
                      "y": [
                        0
                      ]
                    },
                    "n": [
                      "0p942_1_0p826_0"
                    ],
                    "t": 28,
                    "s": [
                      62
                    ],
                    "e": [
                      32
                    ]
                  },
                  {
                    "i": {
                      "x": [
                        0.484
                      ],
                      "y": [
                        1
                      ]
                    },
                    "o": {
                      "x": [
                        0.101
                      ],
                      "y": [
                        0
                      ]
                    },
                    "n": [
                      "0p484_1_0p101_0"
                    ],
                    "t": 39,
                    "s": [
                      32
                    ],
                    "e": [
                      62
                    ]
                  },
                  {
                    "t": 46
                  }
                ]
              },
              "lc": 2,
              "lj": 1,
              "ml": 4,
              "nm": "Stroke 1",
              "mn": "ADBE Vector Graphic - Stroke"
            },
            {
              "ty": "tr",
              "p": {
                "a": 0,
                "k": [
                  0,
                  0
                ],
                "ix": 2
              },
              "a": {
                "a": 0,
                "k": [
                  0,
                  0
                ],
                "ix": 1
              },
              "s": {
                "a": 0,
                "k": [
                  100,
                  100
                ],
                "ix": 3
              },
              "r": {
                "a": 0,
                "k": 0,
                "ix": 6
              },
              "o": {
                "a": 0,
                "k": 100,
                "ix": 7
              },
              "sk": {
                "a": 0,
                "k": 0,
                "ix": 4
              },
              "sa": {
                "a": 0,
                "k": 0,
                "ix": 5
              },
              "nm": "Transform"
            }
          ],
          "nm": "Shape 2",
          "np": 3,
          "cix": 2,
          "ix": 2,
          "mn": "ADBE Vector Group"
        },
        {
          "ty": "gr",
          "it": [
            {
              "ind": 0,
              "ty": "sh",
              "ix": 1,
              "ks": {
                "a": 0,
                "k": {
                  "i": [
                    [
                      0,
                      0
                    ],
                    [
                      0,
                      0
                    ]
                  ],
                  "o": [
                    [
                      0,
                      0
                    ],
                    [
                      0,
                      0
                    ]
                  ],
                  "v": [
                    [
                      -14,
                      0.25
                    ],
                    [
                      173,
                      0.25
                    ]
                  ],
                  "c": false
                }
              },
              "nm": "Path 1",
              "mn": "ADBE Vector Shape - Group"
            },
            {
              "ty": "tm",
              "s": {
                "a": 0,
                "k": 0,
                "ix": 1
              },
              "e": {
                "a": 1,
                "k": [
                  {
                    "i": {
                      "x": [
                        0.667
                      ],
                      "y": [
                        1
                      ]
                    },
                    "o": {
                      "x": [
                        0.703
                      ],
                      "y": [
                        0
                      ]
                    },
                    "n": [
                      "0p667_1_0p703_0"
                    ],
                    "t": 0,
                    "s": [
                      100
                    ],
                    "e": [
                      32
                    ]
                  },
                  {
                    "i": {
                      "x": [
                        0
                      ],
                      "y": [
                        1
                      ]
                    },
                    "o": {
                      "x": [
                        0.199
                      ],
                      "y": [
                        0
                      ]
                    },
                    "n": [
                      "0_1_0p199_0"
                    ],
                    "t": 5,
                    "s": [
                      32
                    ],
                    "e": [
                      100
                    ]
                  },
                  {
                    "i": {
                      "x": [
                        0
                      ],
                      "y": [
                        0
                      ]
                    },
                    "o": {
                      "x": [
                        0.167
                      ],
                      "y": [
                        0.167
                      ]
                    },
                    "n": [
                      "0_0_0p167_0p167"
                    ],
                    "t": 17,
                    "s": [
                      100
                    ],
                    "e": [
                      100
                    ]
                  },
                  {
                    "i": {
                      "x": [
                        0.942
                      ],
                      "y": [
                        1
                      ]
                    },
                    "o": {
                      "x": [
                        0.826
                      ],
                      "y": [
                        0
                      ]
                    },
                    "n": [
                      "0p942_1_0p826_0"
                    ],
                    "t": 28,
                    "s": [
                      100
                    ],
                    "e": [
                      32
                    ]
                  },
                  {
                    "i": {
                      "x": [
                        0.306
                      ],
                      "y": [
                        1
                      ]
                    },
                    "o": {
                      "x": [
                        0.101
                      ],
                      "y": [
                        0
                      ]
                    },
                    "n": [
                      "0p306_1_0p101_0"
                    ],
                    "t": 39,
                    "s": [
                      32
                    ],
                    "e": [
                      100
                    ]
                  },
                  {
                    "t": 46
                  }
                ],
                "ix": 2
              },
              "o": {
                "a": 0,
                "k": 0,
                "ix": 3
              },
              "m": 1,
              "ix": 2,
              "nm": "Trim Paths 1",
              "mn": "ADBE Vector Filter - Trim"
            },
            {
              "ty": "st",
              "c": {
                "a": 0,
                "k": [
                  0.4741407,
                  0.4880277,
                  0.5058824,
                  1
                ]
              },
              "o": {
                "a": 0,
                "k": 100
              },
              "w": {
                "a": 1,
                "k": [
                  {
                    "i": {
                      "x": [
                        0.667
                      ],
                      "y": [
                        1
                      ]
                    },
                    "o": {
                      "x": [
                        0.703
                      ],
                      "y": [
                        0
                      ]
                    },
                    "n": [
                      "0p667_1_0p703_0"
                    ],
                    "t": 0,
                    "s": [
                      30
                    ],
                    "e": [
                      14
                    ]
                  },
                  {
                    "i": {
                      "x": [
                        0
                      ],
                      "y": [
                        1
                      ]
                    },
                    "o": {
                      "x": [
                        0.199
                      ],
                      "y": [
                        0
                      ]
                    },
                    "n": [
                      "0_1_0p199_0"
                    ],
                    "t": 5,
                    "s": [
                      14
                    ],
                    "e": [
                      30
                    ]
                  },
                  {
                    "i": {
                      "x": [
                        0
                      ],
                      "y": [
                        0
                      ]
                    },
                    "o": {
                      "x": [
                        0.167
                      ],
                      "y": [
                        0.167
                      ]
                    },
                    "n": [
                      "0_0_0p167_0p167"
                    ],
                    "t": 17,
                    "s": [
                      30
                    ],
                    "e": [
                      30
                    ]
                  },
                  {
                    "i": {
                      "x": [
                        0.942
                      ],
                      "y": [
                        1
                      ]
                    },
                    "o": {
                      "x": [
                        0.826
                      ],
                      "y": [
                        0
                      ]
                    },
                    "n": [
                      "0p942_1_0p826_0"
                    ],
                    "t": 28,
                    "s": [
                      30
                    ],
                    "e": [
                      14
                    ]
                  },
                  {
                    "i": {
                      "x": [
                        0.4
                      ],
                      "y": [
                        1
                      ]
                    },
                    "o": {
                      "x": [
                        0.101
                      ],
                      "y": [
                        0
                      ]
                    },
                    "n": [
                      "0p4_1_0p101_0"
                    ],
                    "t": 39,
                    "s": [
                      14
                    ],
                    "e": [
                      30
                    ]
                  },
                  {
                    "t": 46
                  }
                ]
              },
              "lc": 2,
              "lj": 1,
              "ml": 4,
              "nm": "Stroke 1",
              "mn": "ADBE Vector Graphic - Stroke"
            },
            {
              "ty": "tr",
              "p": {
                "a": 0,
                "k": [
                  0,
                  0
                ],
                "ix": 2
              },
              "a": {
                "a": 0,
                "k": [
                  0,
                  0
                ],
                "ix": 1
              },
              "s": {
                "a": 0,
                "k": [
                  100,
                  100
                ],
                "ix": 3
              },
              "r": {
                "a": 0,
                "k": 0,
                "ix": 6
              },
              "o": {
                "a": 0,
                "k": 100,
                "ix": 7
              },
              "sk": {
                "a": 0,
                "k": 0,
                "ix": 4
              },
              "sa": {
                "a": 0,
                "k": 0,
                "ix": 5
              },
              "nm": "Transform"
            }
          ],
          "nm": "Shape 1",
          "np": 3,
          "cix": 2,
          "ix": 3,
          "mn": "ADBE Vector Group"
        }
      ],
      "ip": 0,
      "op": 58,
      "st": 0,
      "bm": 0,
      "sr": 1
    }
  ]
}